TYPE,DATE,LABEL,Player1,Player2,Player3,Player4,Player5,Player6,Player7,Player8,Player9,Player10,Player11,Player12,Player13,Player14,Player15,Player16,Player17,Player18,Player19,Player20,Player21,WORKLOAD,INTENSITY,PERCEIVED,CARDIOVASCULAR,KINEMATIC,METABOLIC,MECHANICAL
GEN,12-Jun,12 Jun Gen,1.6,1.3,1.4,1.3,1.3,1.1,1.4,1.4,1.5,,,,,,,,,,,,,1.4,67,34.1,,27.4,6.3,33.7
GEN,13-Jun,13 Jun Gen,2.9,3.5,2.3,3,2.9,3,2.5,3.1,3.2,,,,,,,,,,,,,2.8,52,71.3,,38.7,37.8,66.9
GEN,14-Jun,14 Jun Gen,2.4,,2.6,2.3,2.4,2.6,2.4,2.4,2.5,,,,,,,,,,,,,2.5,86,69.7,,18.5,42.6,53.9
GD-8,15-Jun,15 Jun GD-8,1.6,1.8,2,2.1,1.6,1.5,1.6,1.6,1.6,,,,,,,,,,,,,1.7,69,41.1,,26.0,30.3,36.9
GD-7,16-Jun,16 Jun GD-7,4.7,4.8,4.2,4.6,3.6,4.1,5.1,5.6,4.2,,,,,,,,,,,,,4.5,49.33333333,95.0,,71.0,80.0,114.0
GD-6,17-Jun,17 Jun GD-6,2.9,3.7,3.7,3.2,0.8,3.1,4.5,3.8,3,0.8,1,,,,,,,,,,,3.1,30.5,79.0,,50.0,41.0,66.0
GD-5,18-Jun,18 Jun GD-5,0.3,0.2,0.3,0.4,0.3,0.3,0.2,0.3,0.3,0.9,0.7,,,,,,,,,,,0.3,20,7.8,,4.8,1.6,6.4
GD-4,19-Jun,19 Jun GD-4,5.2,8.2,7.9,6.6,6.3,8.1,5.7,9.4,6.5,5.5,7.8,,,,,,,,,,,6.7,49.5,120.3,,164.5,134.9,107.2
GD-3,20-Jun,20 Jun GD-3,3.5,4.7,3.2,3.8,3.5,4.1,3.9,4,3.7,3.4,3.7,,,,,,,,,,,3.6,50,101.0,,58.0,54.0,66.0
GD-2,21-Jun,21 Jun GD-2,0.3,0.3,0.3,0.2,0.3,0.3,0.3,0.2,0.3,0.3,0.2,,,,,,,,,,,0.3,18,10.0,,6.0,1.0,3.0
GD-1,22-Jun,22 Jun GD-1,3.7,5.8,5.1,3.1,4.7,5.8,6.1,5.8,4.4,4.7,5.3,,,,,,,,,,,5.1,47.5,97.1,,75.5,99.9,123.9
GD,23-Jun,23 Jun GD,2.4,4.4,3,,3.2,3.8,2.7,3.6,2.8,2.9,4,,,,,,,,,,,2.8,104,57.0,,56.3,54.5,55.2
GD+1,24-Jun,24 Jun GD+1,,,,,,,,,,,,1.9,,,,,,,,,,,,,,,,
GD+2,25-Jun,25 Jun GD+2,6.6,5.3,4.6,0.7,5.4,5.3,5.3,,7.9,7.9,5.1,6.6,,,,,,,,,,5.6,52.5,78.7,,117.6,129.3,109.7
GD-2,26-Jun,26 Jun GD-2,3.1,3,2.1,1.4,2.9,2.7,2.4,5.2,3.8,4.1,2.8,3.1,,,,,,,,,,2.7,53,56.0,,46.7,42.4,70.3
GD-1,27-Jun,27 Jun GD-1,1.2,2.4,1.8,1.8,1.7,2.2,1.1,2.6,2,2.2,2.1,2.2,,,,,,,,,,2.0,48,28.1,,42.3,40.6,44.6
GD,28-Jun,28 Jun GD,4.1,4.4,2.9,3,4.6,3.8,4,5.2,5.7,4.5,4.4,4,,,,,,,,,,4.1,102,72.5,,93.6,89.1,68.7
GD+1,29-Jun,29 Jun GD+1,1,1,1,3.3,1,1,1,1,1,1,1,1,,,,,,,,,,1.0,20,,,,,
GD-1,30-Jun,30 Jun GD-1,1.7,1.4,1.9,2,1.7,1.5,1.2,2.5,2.2,1.8,2,1.7,,,,,,,,,,1.7,48,21.2,,32.5,33.8,45.0
GD,1-Jul,1 Jul GD,5.9,5.5,4.5,2.2,3.9,5.2,4.9,8,5.2,4,4.5,3.6,,,,,,,,,,5.4,95.5,85.4,,115.4,107.6,113.1
GD+1,2-Jul,2 Jul GD+1,,,,,,,,,,,,,,,,,,,,,,,,,,,,
GD+2,3-Jul,3 Jul GD+2,2,1.8,0.6,1.2,1.7,1.5,1.7,1.8,,1.4,1.7,3,,,,,,,,,,1.5,48,33.0,,28.0,25.0,35.0
GD-1,4-Jul,4 Jul GD-1,1.5,1.7,1,1.9,1.1,1.3,1.2,1.6,,2.1,1.6,1.5,,,,,,,,,,1.4,56,26.0,,25.0,27.0,35.0
GD,5-Jul,5 Jul GD,4.8,5.5,3.3,4.7,0,4.8,3.2,5,,4.4,3.7,3.1,,,,,,,,,,5.1,104,100.0,,95.0,109.0,103.0
GD+1,6-Jul,6 Jul GD+1,0.5,0.5,0.5,0.5,0.5,0.5,0.5,0.5,,0.5,0.5,0.5,,,,,,,,,,0.5,103,10.0,,17.0,0.0,0.0
GD+2,7-Jul,7 Jul GD+2,2.4,1.9,1.5,2.9,1.9,1.6,1.8,2.1,,1.7,2,3,,,,,,,,,,1.9,54,38.0,,41.0,44.0,32.0
GEN,8-Jul,8 Jul Gen,,,,,,,,,,,,,,,,,,,,,,,,,,,,
GEN,9-Jul,9 Jul Gen,,,,,,,,,,,,,,,,,,,,,,,,,,,,
GEN,10-Jul,10 Jul Gen,2,2.5,2.2,2.7,1.6,2.2,1.9,2.2,,2.1,2.2,3,,,,,,1.8,,,,2.2,71,43.0,,33.0,36.0,59.0
GD-3,11-Jul,11 Jul GD-3,2.9,2.1,2,2.5,2.1,2.3,2.5,2.5,,3.1,2.4,2.7,,,,,,3.1,,,,2.4,61,53.0,,39.0,48.0,53.0
GD-2,12-Jul,12 Jul GD-2,1.3,2,1.5,1.2,1.4,1.7,0.6,2,,1.2,1.6,1.4,,,,,,1.1,,,,1.3,51,28.0,,29.0,22.0,23.0
GD-1,13-Jul,13 Jul GD-1,1.4,2,0.8,1.9,1.7,1.4,1.1,1.4,,1.8,1.7,1.3,,,,,,1.2,,,,1.4,53,20.0,,25.0,28.0,36.0
GD,14-Jul,14 Jul GD,5,5,0.5,5,,4,5,5,,4.5,5,1.5,,,,,,,,,,5.0,100,100.0,,100.0,100.0,100.0
GD+1,15-Jul,15 Jul GD+1,0.5,0.5,1.8,0.5,1.8,0.5,0.5,0.5,,0.5,0.5,2.3,,,,,,2,,,,0.5,103,10.0,,17.0,0.0,0.0
GD+2,16-Jul,16 Jul GD+2,,,,,,,,,,,,,,,,,,,,,,,,,,,,
GD-5,17-Jul,17 Jul GD-5,2.4,2,2.5,3.3,5.3,1.9,2.2,1.9,,2.3,2.2,,,,,,,,,,,2.1,78,47.0,,39.0,48.0,32.0
GD-4,18-Jul,18 Jul GD-4,4.4,3.8,3.4,3.7,3.3,3.7,3.6,4.1,,4.4,4.1,4.9,,,,,,3,,,,3.7,48,87.0,,63.0,66.0,74.0
GD-3,19-Jul,19 Jul GD-3,1,1.3,1.2,1.3,1.5,1.3,1.3,1.3,,1.5,1.3,,,,,,,0.8,,,,1.3,43,21.0,,18.0,17.0,40.0
GD-2,20-Jul,20 Jul GD-2,2.3,2.6,2.9,2.3,2.5,2.5,2,2.5,,2.1,2.5,,3.7,,,,,1.9,,,,2.4,54,43.0,,48.0,51.0,50.0
GD-1,21-Jul,21 Jul GD-1,1.4,1.6,0.8,1.6,1.2,1.7,1.1,1.3,,1.7,1.5,1.5,3.5,2.2,,,,1.4,,,,1.3,52,25.0,,25.0,25.0,30.0
GD,22-Jul,22 Jul GD,5,5,,3.5,,4,5,5,,5,5,1.5,2,2,,,,2,,,,5.0,100,100.0,,100.0,100.0,100.0
GD+1,23-Jul,23 Jul GD+1,0.5,0.5,2.2,0.5,2.7,0.5,0.5,0.5,,0.5,0.5,2.7,3,2.1,,,,1.4,,,,0.5,103,10.0,,17.0,0.0,0.0
GD+2,24-Jul,24 Jul GD+2,1.6,1.2,0.7,1.6,1.8,1.7,1.7,1.5,0.8,2.1,1.9,1.7,2.2,1.4,,,,1.3,,,,1.6,47,32.0,,28.0,30.0,35.0
GD-2,25-Jul,25 Jul GD-2,2.1,1.8,2.1,3,2.6,2.3,2.1,2.2,0.8,2.8,2.1,3,2.5,2.5,,,,2.1,,,,2.2,56,41.0,,39.0,44.0,53.0
GD-1,26-Jul,26 Jul GD-1,1.3,1.8,1.2,1.9,1.5,1.6,1,1.4,1.4,1.5,1.7,1.3,1.7,1.6,,,,1.3,,,,1.4,49,25.0,,25.0,26.0,32.0
GD,27-Jul,27 Jul GD,5,5,,5,1,5,5,4.5,,,5,1.5,,3.8,,,,4,,,,5,100,100.0,,100.0,100.0,100.0
GD+1,28-Jul,28 Jul GD+1,,,1.7,,1.1,,,,1.4,1.3,,1.7,2.3,,,,,,,,,,,,,,,
GD-1,29-Jul,29 Jul GD-1,1.4,0.9,1.1,2,1.6,1.3,1.9,2,,1.8,2,2,1.6,1.7,,,,1.1,,,,1.6,65,32.0,,27.0,31.0,34.0
GD,30-Jul,30 Jul GD,1,2,,5,,5,5,5,,5,5,,4.3,3.2,,,,1,,,,5,100,100,,100,100,100
GD+1,31-Jul,31 Jul GD+1,1,1,2.5,1,2.5,1,1,1,,1,1,2.5,1,1,,,,1,,,,1,100,10,,17,0,0
GD+2,1-Aug,01 Aug GD+2,1.1,2.2,1,1.8,1.9,1.4,1.7,1.5,2.7,1.7,1.8,1.4,1.8,1.7,,,,1.6,,,,1.5,61,34,,26,29,30
GD-1,2-Aug,02 Aug GD-1,0.8,0.8,0.8,1.7,0.9,0.8,1.2,1.2,1.5,0.8,0.8,1.7,1.6,1.6,,,,0.6,,,,1.1,42,32,,18,13,20
GD,3-Aug,03 Aug GD,5,5,2,5,3,5,0.5,5,2.5,0.5,3.2,1,5,4,,,,3,,,,5,100,100,,100,100,100
,4-Aug,04 Aug GD+1,,,,,,,,,,,,,,,,,,,,,,,,,,,,
,5-Aug,05 Aug GD-1,1.4,1.5,1.8,2.2,1.5,1.1,1.9,1.2,2.6,1.8,1.3,2.4,2,1.4,,,,,,,,1.5,45,31,,28,27,35
,6-Aug,06 Aug GD,5,5,,5,,1.5,5,4.5,,5,1.5,3.5,1,3.5,,,,,,,,5,100,100,,100,100,100
,7-Aug,7 Aug GD+1,,,,,,,,,,,,,,,,,,,,,,,,,,,,
,8-Aug,8 Aug GD-1,1.2,0.9,2.3,1.8,1.6,1.9,1.6,1.2,1.2,1.8,,1,2.4,1.5,,,,,,,,1.4,45,29,,27,28,32
,9-Aug,9 Aug GD,1,1.3,4,5,4.2,5,5,5,2,1.5,,,5,4,,,,,,,,5,100,100,,100,100,100
,10-Aug,10 Aug GD+1,,,,,,,,,,,,1.9,,,,,,0.6,,,,,,,,,,
,11-Aug,11 Aug GD+2,2,1.7,1.9,2,1.3,1.4,1.9,1.6,1.8,1.9,0.8,2,2.1,1.3,,,,0.8,,,,1.7,49,40,,30,25,37
,12-Aug,12 Aug GD-1,1.2,1.4,1.3,1.4,1.4,1.3,1.1,1.3,1.4,1.8,0.4,1.2,1.6,1.3,,,,0.2,,,,1.3,60,27,,24,25,29
,13-Aug,13 Aug GD,5,2.3,4,5,4,5,5,5,2.5,2.3,,2,,5,,,,,,,,5,100,100,,100,100,100
,14-Aug,14 Aug GD+1,,,,,,,,,,,,,,,,,,,,,,,,,,,,
,15-Aug,15 Aug GD+2,,,,,,,,,,,,,,,,,,,,,,,,,,,,
,16-Aug,16 Aug GD-4,4.7,4.8,4.2,4.6,5.2,3.4,3.5,3.8,5.1,4.6,2.5,4.9,6.7,3.1,,,,,,,,3.7,57,76,,77,77,56
,17-Aug,17 Aug GD-3,1.7,2.9,2.4,2.4,2.1,2.3,1.8,2.4,2.2,,2.6,2.5,2.1,2.7,,,,,,,,2.2,55,51,,40,42,43
,18-Aug,18 Aug GD-2,1.9,1.9,2,2.4,1.7,1.8,1.7,1.7,1.3,1.7,2.1,2.4,2.6,1.8,,,,0.8,,,,1.9,52,40,,29,30,47
,19-Aug,19 Aug GD-1,1.2,1.2,1,1.6,1.2,1.3,1.3,1.3,1,1.1,1.1,1,1.5,1.4,,,,1.9,,,,1.2,58,28,,20,23,27
,20-Aug,20 Aug GD,,5,,5,5,5,1.3,5,,,1.4,2.5,5,5,,,,1.2,,,,5,100,100,,100,100,100
,21-Aug,21 Aug GD+1,,,,,,,,,,,,,,,,,,,,,,,,,,,,
,22-Aug,22 Aug GD+2,,2.2,1.5,1.7,1.5,1.3,2.1,2,,2.5,2,1.7,2.7,0.5,,,,0.8,,,,1.8,51,44,,30,33,33
,23-Aug,23 Aug GD-2,,2.5,2.6,2.6,1.8,2.4,1.9,2.5,,2.1,2.6,2.8,2.6,2.4,,,,1.6,,,,2.3,61,44,,38,40,58
,24-Aug,24 Aug GD-1,,1.7,1.2,1.8,1.5,1.8,1.3,1.5,,1.9,2.1,1.5,2.6,1.8,,,,1.3,,,,1.6,54,32,,29,31,38
,25-Aug,25 Aug GD,,5,0.5,5,3.5,5,1.5,5,,5,4.5,,5,5,,,,2,,,,5,100,100,,100,100,100
,26-Aug,26 Aug GD+1,,,,,,,,,,,,5,,,,,,,,,,,,,,,,
,27-Aug,27 Aug GD+2,,1.3,1.3,1.3,1.4,1.1,1.9,,,,,,2,0.9,,,,0.9,,,,1.4,57,36,,23,26,24
,28-Aug,28 Aug GEN,4.2,5.7,5.2,8.4,5.8,3.5,5.5,,5.9,,,4.8,6.6,4.8,,,,,,,,5.9,57.5,94,,134,111,83
,29-Aug,29 Aug GEN,1.7,4.7,3.2,5.3,4.5,3.3,3.5,0.4,1.3,,,4.2,0.8,3.4,,,,,,,,3.9,53,75,,78,69,81
,30-Aug,30 Aug GEN,2.8,2.1,2,4.9,2.4,2,1.9,2.7,2.9,,,4.4,1.5,2.2,,,,,,,,2.4,118,36,,56,70,10
,31-Aug,31 Aug GEN,,,,,,,,,,,,,,,,,,,,,,,,,,,,
,1-Sep,01 Sept GEN,,,,,,,,,,,,,,,,,,,,,,,,,,,,
,2-Sep,2 Sept GEN,,,,,,,,,,,,,,,,,,,,,,,,,,,,
,3-Sep,3 Sept GEN,,,,,,,,,,,,,,,,,,,,,,,,,,,,
,4-Sep,4 Sept GD-6,1.9,2,1.6,2.6,2,1.7,2,2,2.3,2.4,,2.5,2.7,1.7,2.2,,,1.6,,,,2,77,39,,28,32,56
,5-Sep,5 Sept GD-5,2.9,3.3,3.4,4.3,3.2,3.5,3.3,3.2,3.6,3.8,,3.5,4.3,3.1,4.3,,,3,,,,3.2,56,65,,45,55,86
,6-Sep,6 Sept GD-4,3.6,2.8,2.6,5.9,4.1,2.8,3.1,3.1,3.7,4.1,1.5,3.9,4.4,2.7,3.2,,,2.4,,,,3.1,68,61,,58,70,55
,7-Sep,7 Sept GD-3,0.6,0.9,0.8,0.9,0.7,1.2,0.7,0.4,0.7,1,0.9,1.1,0.8,1.1,0.7,,,0.6,,,,0.8,20,25,,13,5,12
,8-Sep,8 Sept GD-2,2.1,2.7,2.2,3,1.9,2.4,2.2,2.7,2.2,2.6,2.4,2.4,3.4,2.2,2.7,,,1.7,,,,2.3,68,44,,40,44,52
,9-Sep,9 Sept GD-1,1.3,1.2,1,1.5,1.1,1.3,1.2,1.2,1.5,1.4,1.2,1.3,1.7,1.2,1,,,1,,,,1.2,60,25,,20,21,28
,10-Sep,10 Sept GD,5,5,1.5,5,1.5,5,1.5,,1.5,4,4,1.5,2.5,4.5,5,,,5,,,,5,100,100,,100,100,100
,11-Sep,11 Sept GD+1,,,,,,,,,,,,,,,,,,,,,,,,,,,,
,12-Sep,12 Sept GD+2,1.7,1.5,2.4,2.8,2.2,1.9,2.3,,2.5,3,1.8,2.6,3,2.1,2.8,,,2,,,,2.1,42,41,,32,37,57
,13-Sep,13 Sept GD-3,3.9,2.1,2.7,4.4,3.7,2.1,2.9,,5.8,3.8,2.7,3.8,4.3,2.4,2.8,,,2.3,,,,2.7,58,44,,63,58,43
,14-Sep,14 Sept GD-2,2.1,2.5,2.6,3.2,2.4,2.3,2.6,,3,3,2.6,2.8,2.6,2.3,3,,,1.9,,,,2.5,63,46,,47,50,53
,15-Sep,15 Sept GD-1,1.4,1.3,1.5,1.7,1.8,1.7,1.2,,1.7,1.9,1.4,1.3,3.5,1.5,1.1,,,1,,,,1.4,49,30,,26,25,31
,16-Sep,16 Sept GD,5,5,2.5,1.5,4.5,5,3.5,,,5,5,,2,4,5,,,1,,,,5,100,100,,100,100,100
,17-Sep,17 Sept GD+1,,,,,,,,,,,,,,,,,,,,,,,,,,,,
,18-Sep,18 Sept GD-1,1.2,1.2,1.8,3.7,1.4,1.2,1.3,1.4,1.9,1.8,1.7,1.6,2,0.9,1.6,,,,,,,1.4,68,26,,25,28,33
,19-Sep,19 Sept GD,5,5,5,2.5,5,5,,3.5,,5,2,,5,5,5,,,,,,,5,100,100,,100,100,100
,20-Sep,20 Sept GD+1,,,,,,,,,,,,,,,,,,,,,,,,,,,,
,21-Sep,21 Sept GD-1,1.1,1.1,1.6,2.9,1.5,1.3,1.5,1.4,2,2,2,1.9,2.3,1.5,1.5,,,,,,,1.6,62,28,,31,32,35
,22-Sep,22 Sept GD,,2,2.5,2.5,5,4.5,4,2,3,5,5,1,5,2.5,5,,,,,,,5,100,100,,100,100,100
,23-Sep,23 Sept GD+1,,,,,,,,,,,,,,,,,,,,,,,,,,,,
,24-Sep,24 Sept GD+2,2.1,0.8,1.7,1.9,1.2,1.4,1,1.2,2.3,2.4,2,1.8,2.9,0.9,0.8,,,,,,,1.8,53,39,,26,34,39
,25-Sep,25 Sept GD-4,4.9,6.2,6.4,7.1,4.2,4.8,5.1,5.8,2.3,6.3,6.2,7,7.2,,5.7,,,,,,,5.1,61,108,,92,92,112
,26-Sep,26 Sept GD-3,1,1.2,1.1,0.9,0.9,0.9,1.1,0.9,1,0.8,1.2,1.4,1,1.1,1,,,,,,,1,37,25,,19,16,18
,27-Sep,27 Sept GD-2,1.9,2,2.3,2,1.2,2,2,2.1,2.1,2.9,2.5,2.5,2.5,2.5,1.9,,,,,,,2.2,54,41,,33,34,59
,28-Sep,28 Sept GD-1,1.7,1.4,1.8,2.1,1.5,1.2,1.1,1.6,1.9,1.8,1.8,1.8,2.5,1.4,1.3,,,,,,,1.6,57,26,,26,31,40
,29-Sep,29 Sept GD,5,5,5,5,5,3,2,1,,2,5,2.5,5,2.5,4.5,,,,,,,5,100,100,,100,100,100
,30-Sep,30 Sept GD+1,,,,,,,,,5,,,,,,,,,,,,,,,,,,,
,1-Oct,01 Oct GD+2,,,,,,,,,,,,,,,,,,,,,,,,,,,,
,2-Oct,2 Oct GEN,1.8,,,0.3,2.4,2.5,1.6,1.8,,,,2.4,2.1,,1.4,,,,,,,2,45,32,,39,41,44
,3-Oct,3 Oct GEN,6.2,,,,3.9,5.2,5.7,5.9,7,,,7.7,9.8,,6.2,,,,,,,5.6,57.5,115,,105,93,115
,4-Oct,4 Oct GEN,7.9,,,3.1,2.2,5,4.6,4.5,8.1,,,2.5,5.6,,4.8,,,,,,,4.9,60,88,,112,100,77
,5-Oct,5 Oct GEN,3.9,,,2.1,2.5,2.8,3.4,3.3,2.6,,,,4.6,,2.9,,,,,,,3.1,69,68,,64,54,59
,6-Oct,6 Oct GEN,,,,,,,,,,,,,,,,,,,,,,,,,,,,
,7-Oct,7 Oct GEN,,,,,,,,,,,,,,,,,,,,,,,,,,,,
,8-Oct,8 Oct GEN,,,,,,,,,,,,,,,,,,,,,,,,,,,,
,9-Oct,9 Oct GD-5,1.6,,2.3,1.5,1.2,1.5,2.3,1.9,2.2,,,,2.1,2,1.8,,,,,,,1.8,78,35,,27,27,49
,10-Oct,10 Oct GD-4,1.4,0.8,0.6,1.3,1.1,1.4,1.4,1.1,0.8,0.3,1.9,,1.8,,1.8,,,,,,,1.2,36,30,,21,22,24
,11-Oct,11 Oct GD-3,3.9,4,1.4,3.4,2.8,3.8,3.8,3.4,2.7,4.9,3.2,,5.5,1.8,3.7,,,,,,,3.5,72,60,,63,83,69
,12-Oct,12 Oct GD-2,1,0.8,1,0.9,0.8,1,0.7,0.9,1.1,1.1,1.4,,0.8,1,0.8,,,0.9,,,,0.9,23,27,,16,9,17
,13-Oct,13 Oct GD-1,1.5,1.4,1.5,1,0.9,1.5,1.2,1.2,1.2,1.3,1.9,,2.3,1.5,1.3,,,,,,,1.4,59,23,,24,26,35
,14-Oct,14 Oct GD,5,5.7,4.3,2,4.1,5.3,2.5,,,3.5,5,,5,,5.4,,,,,,,5,100,100,,100,100,100
,15-Oct,15 Oct GD+1,,,,,,,,1,1,,,,,,,,,,,,,,,,,,,
,16-Oct,16 Oct GD+2,1.7,2.3,3.6,,1.4,1.6,2.1,2.2,,2.5,2.7,1.3,3,1.5,1.8,,,1,,,,2,43,41,,54,35,28
,17-Oct,17 Oct GD-3,4.1,4.6,4.6,2.3,3.4,4,3.8,4.5,,3.6,3.7,0.6,5.6,3,4,,,,,,,3.9,68,66,,97,89,56
,18-Oct,18 Oct GD-2,0.7,0.8,0.9,,0.7,1.2,1,0.8,,1.6,1,,1.5,1,0.8,,,,,,,1,22,30,,16,9,17
,19-Oct,19 Oct GD-1,0.8,1.4,1.1,0.2,1.3,1.2,1,0.6,,1.1,1.5,1,1.5,0.4,1.6,,,,,,,1.1,48,24,,19,19,26
,20-Oct,20 Oct GD,3.7,4.9,1,,3.9,4.9,5,0.7,,3.8,5,,5,1.5,5.1,,,,,,,5,100,100,,100,100,100
,21-Oct,21 Oct GD+1,,,,,,,,,,,,,,,,,,,,,,,,,,,,
,22-Oct,22 Oct GD+2,0.5,1.6,1.8,,1.7,1.8,1.9,1.8,,2.6,1.8,1.5,2.5,1.6,1.8,,,,,,,1.9,43,35,,34,33,47
,23-Oct,23 Oct GD-1,1,1.1,1.5,0.3,1.2,0.9,1.3,1.5,,1.1,0.9,0.9,1.3,1.2,1.1,,,,,,,1.2,54,29,,20,20,23
,24-Oct,24 Oct GD,1.6,1.1,5,0.3,5,3,5,4.8,,3.6,3,1.2,5,3,1.3,,,,,,,5,100,100,,100,100,100
,25-Oct,25 Oct GD+1,,,,,,,,,,,,,,,,,,,,,,,,,,,,
,26-Oct,26 Oct GD+2,1.6,1.8,1.5,,1.8,2.1,1.4,1.3,1.4,1.8,1.8,1.2,2.7,1.5,2,,,,,,,1.6,31,37,,27,27,37
,27-Oct,27 Oct GD-2,2.1,3.2,1.2,,2.1,2.6,1.5,1.2,0.6,1.3,2.7,2.3,2.1,1.9,2,2.3,,,,,,1.8,40,37,,39,31,36
,28-Oct,28 Oct GD-1,1.5,1.2,0.7,0.3,1.4,1.2,1,1,1.3,1.5,1.7,0.9,2.1,1.3,1.3,1.5,,,,,,1.3,42,27,,21,21,32
,29-Oct,29 Oct GD,5.8,5.1,,,4.8,5.1,,,1.2,3.9,5,0.8,5,,5.1,,,,,,,5,100,100,,100,100,100
,30-Oct,30 Oct GD+1,,,,,,,,,,,,,,,,,,,,,,,,,,,,
,31-Oct,31 Oct GD+2,,1.8,1.7,0.3,1.2,1.3,2.2,1.5,1.7,1.3,1.2,1.6,2,1.5,1.8,1.7,,0.9,,,,1.6,50,36,,31,30,30
,1-Nov,01 Nov GD-2,,1.3,1.7,,1,1.4,1.8,2,1.5,1.2,1.7,2.1,1.8,1.8,1.4,1.2,,1.4,,,,1.3,54,28,,24,23,30
,2-Nov,02 Nov GD-1,,1.2,2,,1.2,1.2,1.2,1.6,1.9,1.7,1.5,1,1.9,1.3,1.6,2.3,,,,,,1.5,55,31,,26,27,35
,3-Nov,03 Nov GD,,5,1,,5,3.9,0.8,0.4,3.5,3.4,5,,5,5,4.9,1,,,,,,5,100,100,,100,100,100
,4-Nov,04 Nov GD+1,,,,,,,,,,,,,,,,,,,,,,,,,,,,
,5-Nov,05 Nov GD+2,,,,,,,,,,,,,,,,,,,,,,,,,,,,
,6-Nov,06 Nov GEN,,,,,,,,,,,,,,,,,,,,,,,,,,,,
,7-Nov,07 Nov GD-3,1.3,,,,1.9,1.6,1.9,1.9,2,,,1.7,2.4,1.5,1.5,2.1,,1.5,,,,1.8,76,43,,27,26,44
,8-Nov,08 Nov GD-2,5,,,,4.5,4.5,6,6.1,5.5,,,0.6,6.9,4.4,6.7,6.2,,2,,,,5.4,59.5,104,,113,117,86
,9-Nov,09 Nov GD-1,1.3,,,,1.2,1,1.1,1.2,1.4,,,0.8,1.6,0.9,1.1,1.4,,,,,,1.2,52,25,,21,21,25
,10-Nov,10 Nov GD,2.3,,,,3.2,2.8,4.7,3.6,,,,2.4,3.8,2.1,2,3,,,,,,3.7,75,115,,57,55,48
,11-Nov,11 Nov GD+1,,,,,,,,,,,,1,,,1,1.1,,0.7,,,,,,,,,,
,12-Nov,12 Nov GD+2,,,,,,,,,,,,,,,,,,,,,,,,,,,,
,13-Nov,13 Nov GD-5,,,,,1.5,1.4,1.9,2,,,,1.6,3.2,,2.1,2.6,,0.6,,,,1.8,72,39,,28,39,40
,14-Nov,14 Nov GD-4,,,,,3.6,3.3,3.4,3.6,,,,3.6,4,,3.6,4.3,,1.9,,,,3.4,69,64,,73,78,50
,15-Nov,15 Nov GD-3,,,,,0.8,0.8,0.9,0.5,0.7,,,0.6,0.8,0.7,0.8,0.5,,0.5,,,,0.7,28,13,,13,8,17
,16-Nov,16 Nov GD-2,,2.2,,,1.5,1.8,2.3,2.1,2.4,2,2.3,1.6,2.8,2.9,2.3,1.7,,0.9,,,,2.1,58,44,,35,33,51
,17-Nov,17 Nov GD-1,,1.9,0.8,0.4,1.3,0.9,1.8,1.6,,1.7,1.9,1.2,2.1,1.5,1.2,1.3,,0.9,,,,1.5,54,33,,26,25,37
,18-Nov,18 Nov GD,,5,,,3.5,2,5,1,,5,4.5,,5,3.5,5,1.5,,,,,,5,100,100,,100,100,100
,19-Nov,19 Nov GD+1,5.6,,3.7,0.6,,1.6,,0.8,0.5,,,1.3,,,,1,,1,,,,,,,,,,
,20-Nov,20 Nov GD+2,1.3,2,0.8,0.8,1.3,1.6,2.4,2.2,,2.7,1.8,2.4,2.3,0.5,2.8,1.3,,1.3,,,,1.8,68,30,,45,43,19
,21-Nov,21 Nov GD-3,3.9,3.1,3.5,2.3,2.1,3.5,3.4,3.4,2.1,4.2,3.4,3.8,,,3.7,4.4,,2.9,,,,3.6,60,75,,71,70,70
,22-Nov,22 Nov GD-2,1.3,1.1,1,0.7,0.6,0.7,0.9,0.7,,1.3,0.9,0.9,,1,1,0.8,,,,,,0.9,32,21,,14,9,25
,23-Nov,23 Nov GD-1,0.9,1.2,0.9,1.1,1,1.1,1.1,1.1,,1.4,1.3,0.8,,1.1,1,1.2,,,,,,1.1,61,22,,20,20,28
,24-Nov,24 Nov GD,3.8,3,1.5,1,5,3.3,5,,,3.3,5,,,5,5.1,,,,,,,5,100,100,,100,100,100
,25-Nov,25 Nov GD+1,,,,,,,,,,,,,,,,,,,,,,,,,,,,
,26-Nov,26 Nov GD+2,0.4,0.6,0.7,0.7,,0.7,0.7,0.8,,0.6,0.7,0.7,,,,0.7,,,,,,0.7,30,21,,12,6,8
,27-Nov,27 Nov GD-1,1.6,1.6,2.1,1.5,0.1,1.8,1.5,1.5,0.4,1.8,1.6,1.6,,,1.7,1.7,,,,,,1.7,56,32,,29,30,41
,28-Nov,28 Nov GD,5.1,1,5,4.8,4,5,5.5,5.5,,2.2,5.5,3.5,,,,2.9,,,,,,5.5,90,110,,110,110,110
,29-Nov,29 Nov GD+1,,0.8,,,,,,,1.2,,,,,0.7,1,,,,,,,,,,,,,
,30-Nov,30 Nov GD+2,,,,,,,,,,,,,,,,,,,,,,,,,,,,
,1-Dec,01 Dic GD-1,1.2,1.2,1.6,1.5,1.2,1.1,1.1,1.2,1.3,1.4,1.2,0.7,,1.4,1.4,1.4,,,,,,1.2,46,27,,23,22,27
,2-Dec,2 Dic GD,3,5,3.5,4,5,,5,,,,5,2,,3,4.3,1.5,,,,,,5,100,100,,100,100,100
,3-Dec,3 Dic GD+1,,,,,,,,,,,,,,,,,,,,,,,,,,,,
,4-Dec,4 Dic GD+2,,,,,,,,,,,,,,,,,,,,,,,,,,,,
,5-Dec,5 Dic GD-5,1.1,2.1,2.4,1,1.2,2.7,2.1,2.2,3.6,2,1.9,2.7,,0.9,2.4,2,,,,,,2.4,76,46,,52,53,37
,6-Dec,6 Dic GD-4,2,1.2,1.3,1.1,1.2,1.3,2.1,1.2,2.7,1.5,1.2,1.2,,1.1,1,2.7,,,,,,1.5,51,30,,25,29,32
,7-Dec,7 Dic GD-3,1.1,1,,0.8,0.8,1.2,1,0.9,1.3,1.1,1,1,,0.8,0.7,1.2,,,,,,1,31,22,,14,7,27
,8-Dec,8 Dic GD-2,1.2,1.5,,1.4,0.9,1.3,1.1,1.8,1.6,1.3,1.4,1.4,,1.2,1.5,0.9,,,,,,1.3,54,31,,21,18,29
,9-Dec,9 Dic GD-1,1.4,1.3,,1.2,1.3,1.2,1.2,1.5,1.6,2.4,1.3,1.4,,1.2,1.2,1.1,,,,,,1.3,50,23,,23,22,32
,10-Dec,10 Dic GD,2.1,4.7,,3.9,5,3.5,4.5,5,2.5,4,5,1,,5,,,,,,,,5,100,100,,100,100,100
,11-Dec,11 Dic GD+1,,,1.2,,,,,,,,,1.2,,,0.9,1.4,,,,,,,,,,,,
,12-Dec,12 Dic GD+2,2.6,1.9,1.9,2.3,1.5,2.6,1.8,2.1,3.7,0.5,1.6,2.2,,1,2.6,2.9,,,,,,2.1,78,38,,49,46,34
,13-Dec,13 Dic GD-3,1.7,1.3,1.5,1.5,1.4,1.2,1.4,1,1.7,1.7,1.7,1.8,,,1.4,1.5,,,,,,1.5,46,34,,24,27,32
,14-Dec,14 Dic GD-2,0.9,1.5,1.2,1.2,0.7,1.1,0.9,0.6,0.5,1.3,1.4,1,,0.9,1.8,0.6,,,,,,1,31,24,,21,15,17
,15-Dec,15 Dic GD-1,0.9,0.9,1.1,1.1,1.3,1.3,0.9,0.8,1.2,1.3,0.9,0.6,,1,1.5,1,,,,,,1,49,20,,20,20,20
,16-Dec,16 Dic GD,2.8,3.1,3.5,4.4,4,1.5,4,,4,,3.5,,,3,4,1,,,,,,5,100,100,,100,100,100
,,17 Dic GEN,,,,,,,,,,,,,,,,,,,,,,,,,,,,
,,18 Dic GEN,,,,,,,,,,,,,,,,,,,,,,,,,,,,
,,19 Dic GEN,,,,,,,,,,,,,,,,,,,,,,,,,,,,
,,20 Dic GEN,,,,,,,,,,,,,,,,,,,,,,,,,,,,
,,21 Dic GEN,,,,,,,,,,,,,,,,,,,,,,,,,,,,
,,22 Dic GEN,,,,,,,,,,,,,,,,,,,,,,,,,,,,
,,23 Dic GEN,,,,,,,,,,,,,,,,,,,,,,,,,,,,
,,24 Dic GEN,,,,,,,,,,,,,,,,,,,,,,,,,,,,
,,25 Dic GEN,,,,,,,,,,,,,,,,,,,,,,,,,,,,
,,26 Dic GEN,,,,,,,,,,,,,,,,,,,,,,,,,,,,
,,27 Dic GEN,,,,,,,,,,,,,,,,,,,,,,,,,,,,
,,28 Dic GEN,,,,,,,,,,,,,,,,,,,,,,,,,,,,
,,29 Dic GEN,,,,,,,,,,,,,,,,,,,,,,,,,,,,
,,30 Dic GEN,,,,,,,,,,,,,,,,,,,,,,,,,,,,
,,31 Dic GEN,,,,,,,,,,,,,,,,,,,,,,,,,,,,
,,01 Jan GEN,,,,,,,,,,,,,,,,,,,,,,,,,,,,
,,2 Jan GEN,,,,,,,,,,,,,,,,,,,,,,,,,,,,
,,3 Jan GEN,,,,,,,,,,,,,,,,,,,,,,,,,,,,
,,4 Jan GEN,,,,,,,,,,,,,,,,,,,,,,,,,,,,
,,5 Jan GEN,,,,,,,,,,,,,,,,,,,,,,,,,,,,
,,6 Jan GD-8,1.5,1.6,1.2,1.5,1.2,1.1,1.6,1.6,1.5,2.2,1.1,1.3,2.6,1.5,1.2,1.5,1.4,,,,,1.5,70,37,,21,17,39
,,7 Jan GD-7,2.4,1.7,1.7,1.5,1.4,1.8,2.2,2,2.3,3,1.7,1.8,3.1,1.5,1.9,2.6,1.7,,,,,1.9,42,42,,29,33,48
,,8 Jan GD-6,3.8,3.5,3.8,3.7,3.4,3.8,3.7,4.1,4.6,3.9,3.2,4,5.1,3.1,3.3,4.4,3.3,,,,,3.8,67,80,,84,80,3.8
,,9 Jan GD-5,2.6,2.1,1.8,1.6,1.6,1.6,2.1,2.4,3,2,1.8,1.4,2.8,1.5,2.3,2.5,1.6,,,,,2,39,44,,30,31,50
,,10 Jan GD-4,5.1,5.1,4.1,4.9,4.5,4.8,5,5.2,3.4,5.2,5.1,4.9,4.4,4.3,4.9,4.6,4.2,,,,,4.9,58,113,,73,96,99
,,11 Jan GD-3,,,,,,,,,,,,,,,,,,,,,,,,,,,,
,,12 Jan GD-2,4.2,3.2,3.9,0.6,2.1,3.4,0.8,3.9,1.9,4.8,0.6,4,5,3,3.9,3.8,2.6,,,,,3.6,58,68,,87,74,56
,,13 Jan GD-1,0.9,1.3,0.9,1,1.1,1,0.4,0.9,1.2,1.7,1.4,1,1.2,0.9,0.8,1.1,0.7,,,,,1,59,21,,21,18,20
,,14 Jan GD,2.7,3.2,3.2,1.6,2.5,2.3,,3.7,3.6,4.3,2.5,3.2,3.7,2,3.3,3.1,2.7,,,,,3.1,93,59,,55,61,51
,,15 Jan GD+1,,,,,,,,,,,,,,,,,,,,,,,,,,,,
,,16 Jan GD+2,2.2,1.7,2.4,,2.4,2.3,1.5,2.1,2.6,2,3.2,2.4,3.4,2.4,1.8,2.5,2.4,,,,,2.4,56,54,,37,40,55
,,17 Jan GD-4,4.4,3.8,5.7,0.9,4.1,3.7,3.7,4.1,4.8,2.7,3.9,3.7,4.9,3.9,4,3.4,3.4,,,,,3.8,63,99,,68,65,67
,,18 Jan GD-3,,,,,,,,,,,,,,,,,,,,,,,,,,,,
,,19 Jan GD-2,1.6,2.2,2.8,0.9,1.6,2.4,1.5,2.5,1.6,1.4,2.5,2.4,2.7,2.3,2.8,1.9,1.3,,,,,2.2,59,45,,47,42,38
,,20 Jan GD-1,1.3,1.4,1.2,1.6,1.4,1.4,1.2,1.7,1.2,1.6,1.2,1.4,1.8,1,1.5,1.4,1.1,,,,,1.3,50,30,,24,23,26
,,21 Jan GD,1.8,3.4,2.3,,3.2,3.9,3.3,2.2,2.2,1.9,1.1,2.2,4.1,2.7,4,4.8,3.6,,,,,3.4,101,69,,61,63,61
,,22 Jan GD+1,,,,,,,,,,,,,,,,,,,,,,,,,,,,
,,23 Jan GD+2,1.3,1.8,0.4,1,1.1,1.8,1.6,1.9,1.6,1.8,1.8,2,2,1.9,2.3,1.4,1.1,,,,,1.7,64,33,,35,32,33
,,24 Jan GD-1,0.9,1.2,0.8,1.1,0.7,1,1.1,0.9,1,1.7,1.3,0.8,0.9,,1.3,0.8,0.9,,,,,0.9,51,21,,19,19,19
,,25 Jan GD,4.3,5.3,2.9,2.5,3.7,4,5.9,4,4.7,4.7,3.8,4.4,4.3,,5.6,4.8,4.2,,,,,4.45,98,92,,92.5,88,85
,,26 Jan GD+1,,,,,,,,,,,,,,,,,,,,,,,,,,,,
,,27 Jan GD+2,,,,,,,,,,,,,,,,,,,,,,,,,,,,
,,28 Jan GEN,,,,,,,,,,,,,,,,,,,,,,,,,,,,
,,29 Jan GD-6,1.2,1.7,1.8,,1.4,1.6,1.7,1.8,2.1,2,1.8,1.9,2.4,1,1.3,1.6,1.4,,,,,1.7,71,37,,29,25,42
,,30 Jan GD-5,,2.6,2.4,,1.4,2.1,2.4,2.6,2.8,4.2,2.2,2.5,3.5,2.1,2.5,2.8,1.5,,,,1.3,2.5,58,49,,45,49,57
,,31 Jan GD-4,2.6,3.5,1,2.4,3,2.8,3.1,3,1.8,3.1,2.6,2.9,3.8,2.5,3,3.4,2.4,,,,1.2,2.9,58,69,,47,58,56
,,01 Feb GD-3,0.9,0.9,1.1,0.6,1,0.7,1.1,1.1,,1.7,0.8,0.7,2,0.7,0.7,1.4,1,,,,1.3,1,30,19,,13,8,30
,,02 Feb GD-2,1.4,2.5,1.4,1.6,1.7,2.1,1.6,2,,1.9,1.6,1.9,2.6,1.8,1.9,1.1,1.2,,,,1.5,1.7,55,40,,31,28,35
,,3 Feb GD-1,1.4,1.5,1.2,1.5,1.3,1.7,1.2,1.4,,1.7,1.6,1.5,1.9,1.3,1.2,0.9,1.1,,,,,1.4,59,28,,25,24,31
,,4 Feb GD,2,4.6,0.5,3.5,5,5.4,4.5,1,,4.3,2,4.3,5,5,4.7,1.5,1,,,,,5,100,100,,100,100,100
,,5 Feb GD+1,,,,,,,,,,,,,,,,,,,,,,,,,,,,
,,6 Feb GD+2,2.8,1.4,2.7,,1.2,1.2,1.2,2.3,0.5,1.5,3.2,1.7,1,0.9,1.2,2.7,2.2,,,,1.3,1.2,68,31,,27,18,21
,,7 Feb GD-4,1.8,0.9,2.3,1.2,1.2,0.9,1,1.6,1.2,2,2.4,1.3,1.3,0.8,0.8,2.1,1.6,,,,1.2,1.1,46,26,,19,21,23
,,8 Feb GD-3,0.8,0.8,0.8,0.5,1,0.7,1.1,1.1,1.1,1,0.7,0.4,1.4,0.7,1.1,0.9,1.1,,,,1.2,0.9,31,18,,12,7,26
,,9 Feb GD-2,1.7,2.4,2.6,1.7,1.7,1.7,2.3,2,,2.6,2,2.4,3,1.6,2.3,1.7,1.3,,,,1.9,2,71,41,,38,42,41
,,10 Feb GD-1,1.4,1,1.4,1.6,1.4,1.6,1.7,1.7,,2.1,1.7,1.3,2,1.1,2.1,1.4,1,,,,1.8,1.5,66,27,,31,30,29
,,11 Feb GD,2.3,,1,3.8,5,2.9,5,,,,5,1.5,5,3.5,4.7,3.4,,,,,,5,100,100,,100,100,100
,,12 Feb GD+1,,1,1.2,,,,,,,0.7,,1.9,,,,,1.4,,,,,,,,,,,
,,13 Feb GD+2,2.4,2,2.2,2.5,2,1.8,2.2,2.3,0.8,2.8,0.7,2.2,2.2,1.6,2.3,2.3,2.2,,,,2.4,2.2,86,42,,55,48,25
,,14 Feb GD-2,0.9,2.2,1.8,1.4,1.1,1.6,1.1,2,,1.5,2.1,1.5,1.2,1.5,1.6,1.4,0.9,,,,1,1.4,61,34,,28,25,28
,,15 Feb GD-1,0.9,1.2,1.1,0.6,1.3,1.4,1,0.9,0.9,1.6,1.4,1.1,1,1,1.1,1.3,1.1,,,,1.4,1.1,59,23,,23,23,25
,,16 Feb GD,3.4,4.9,0.5,5,5,5.1,,,,,5,1.5,5,3,4.9,4.7,,,,,,5,100,100,,100,100,100
,,17 Feb GD+1,,,,,,,,,,,,,,,,,,,,,,,,,,,,
,,18 Feb GD+2,1.7,1.9,2.7,2.2,,1.6,2.8,2.9,,3.6,1.6,2.4,1.8,1.4,1.8,2.2,3.3,,,,2.5,1.8,86,34,,39,41,26
,,19 Feb GD-4,2,2.8,2.7,2.8,,2.6,2.4,2.9,,2.7,2.2,2.1,2.6,1.9,2.5,3.2,2.4,,,,2.8,2.5,71,47,,50,53,49
,,20 Feb GD-3,0.6,0.7,0.8,0.5,,0.6,0.6,0.6,,0.6,0.6,0.3,0.8,0.5,0.9,1.1,0.6,,1.6,,0.6,0.6,34,16,,11,5,15
,,21 Feb GD-2,1.5,2.3,1.9,1.9,,1.5,1.9,2.2,,,2.4,1.7,2.1,1.6,2,2,1.6,,1.9,,2.3,1.9,68,37,,35,37,40
,,22 Feb GD-1,1.6,1.8,1,1.4,,1.7,1.3,1.7,,2.2,1.9,1.1,1.6,1.2,1.3,1.7,1.2,,1.9,1.6,1.6,1.5,59,28,,27,29,37
,,23 Feb GD,1.7,5,1.5,5,,2.4,5,5,,,5,,2,5,,4.8,5,,,,,5,100,100,,100,100,100
,,24 Feb GD+1,,,2.8,,0.8,,,,1.1,3.3,,2.8,,,2.1,,,,3.3,3,2,,,,,,,
,,25 Feb GD+2,,1.3,2.4,2.8,2,2.2,2.4,2,3.1,2.5,1.7,2.1,2.6,,2.1,3.3,2.5,,3.1,3,2.7,2.4,90,35,,63,55,29
,,26 Feb GD-8,,,,,,,,,,,,,,,,,,,,,,,,,,,,
,,27 Feb GD-7,,,,,,,,,,,,,,,,,,,,,,,,,,,,
,,28 Feb GD-6,,,,,,,,,,,,,,,,,,,,,,,,,,,,
,,01 Mar GD-5,1.8,2.7,2.4,2.1,1.8,1.9,2.6,2.3,3,2.7,2.4,1.8,2.4,0.3,2.5,2.7,1.8,,2.6,2.7,2.1,2.3,61,48,,33,38,60
,,2 Mar GD-4,3.3,3,3.4,3.3,3,2.4,,2.6,3.5,3.3,3.3,3.1,3.5,2.3,3.3,4.5,3.1,,3.8,3.5,3,3.1,72,49,,78,68,50
